id,first_name,last_name,email,gender,laptop,internet
1,Madeleine,Carman,mcarman0@hostgator.com,Female,1,0
2,Val,Vlies,vvlies1@godaddy.com,Female,1,0
3,Cindelyn,Seawright,cseawright2@example.com,Female,1,0
4,Nicko,Woodhouse,nwoodhouse3@163.com,Male,1,1
5,Nara,Zaczek,nzaczek4@google.co.uk,Female,1,0
6,Laurella,Pettiford,lpettiford5@addtoany.com,Female,0,1
7,Mariam,Ireland,mireland6@pen.io,Female,0,1
8,Christoforo,Scudder,cscudder7@tuttocitta.it,Male,1,0
9,Mada,Banger,mbanger8@symantec.com,Female,0,1
10,Scott,Sygrove,ssygrove9@flickr.com,Male,1,1
11,Hewe,Mains,hmainsa@reuters.com,Male,1,0
12,Bo,Bartlomieczak,bbartlomieczakb@t-online.de,Male,1,1
13,Ryun,Davidde,rdaviddec@is.gd,Male,1,1
14,Daria,Fellini,dfellinid@sciencedirect.com,Female,1,1
15,Guillaume,Valero,gvaleroe@admin.ch,Male,1,0
16,Markos,Macias,mmaciasf@delicious.com,Male,1,1
17,Lew,Cawt,lcawtg@dagondesign.com,Male,1,0
18,Philippe,Holby,pholbyh@mapquest.com,Female,0,1
19,Gerri,Maunders,gmaundersi@jigsy.com,Male,0,0
20,Ned,Behling,nbehlingj@aol.com,Male,1,0
21,Bobette,Kynman,bkynmank@bloglovin.com,Female,0,0
22,Ibbie,Crips,icripsl@unblog.fr,Female,0,1
23,Daffy,O'Driscole,dodriscolem@unesco.org,Female,1,0
24,Joycelin,Moggach,jmoggachn@godaddy.com,Female,1,0
25,Arni,Sandeson,asandesono@ning.com,Male,1,1
26,Renell,Paulton,rpaultonp@cmu.edu,Female,1,1
27,Mordecai,Kilbee,mkilbeeq@typepad.com,Male,1,1
28,Alf,Beardsdale,abeardsdaler@nyu.edu,Male,1,0
29,Lynna,Pimerick,lpimericks@comcast.net,Female,1,1
30,Row,Bougen,rbougent@ed.gov,Female,0,1
31,Benyamin,Peschmann,bpeschmannu@senate.gov,Male,0,1
32,Russell,Lindstedt,rlindstedtv@europa.eu,Male,0,0
33,Stephie,Graeber,sgraeberw@illinois.edu,Female,0,0
34,Phip,Dollen,pdollenx@hugedomains.com,Male,0,0
35,Peyter,Cruse,pcrusey@utexas.edu,Male,1,1
36,Theo,Balmforth,tbalmforthz@wikipedia.org,Male,1,0
37,Gideon,Collecott,gcollecott10@posterous.com,Male,1,1
38,Aylmer,Studart,astudart11@unblog.fr,Male,1,0
39,Jessey,Skerrett,jskerrett12@networksolutions.com,Male,1,0
40,Aeriela,Readwing,areadwing13@blogspot.com,Female,0,1
41,Mercedes,Amori,mamori14@wunderground.com,Female,1,0
42,Yancey,Coaker,ycoaker15@hao123.com,Male,0,0
43,Harwilll,Storrs,hstorrs16@drupal.org,Male,1,0
44,Germain,Elliff,gelliff17@geocities.jp,Bigender,1,0
45,Hernando,Luchelli,hluchelli18@google.com.hk,Male,1,1
46,Caleb,Boyton,cboyton19@chron.com,Male,1,0
47,Daren,Oldacre,doldacre1a@friendfeed.com,Male,0,1
48,Devina,Ricciardi,dricciardi1b@amazonaws.com,Female,1,1
49,Eldridge,Bulter,ebulter1c@networkadvertising.org,Male,1,0
50,Anna-diana,Gawn,agawn1d@usda.gov,Female,1,1
51,Davidde,Bohden,dbohden1e@umn.edu,Male,0,1
52,Kirsti,Beauchamp,kbeauchamp1f@fc2.com,Female,0,1
53,Ivie,O'Curran,iocurran1g@liveinternet.ru,Female,0,1
54,Ulla,Hawyes,uhawyes1h@homestead.com,Female,0,0
55,Gabi,Godbolt,ggodbolt1i@trellian.com,Male,0,1
56,Paton,Emmanuele,pemmanuele1j@huffingtonpost.com,Male,1,0
57,Giorgio,Lackeye,glackeye1k@goo.gl,Male,0,0
58,Marla,Waumsley,mwaumsley1l@surveymonkey.com,Female,1,0
59,Cassius,Bresland,cbresland1m@irs.gov,Male,0,0
60,Camila,Allnatt,callnatt1n@topsy.com,Polygender,1,1
61,Deck,Kelberer,dkelberer1o@google.it,Male,0,0
62,Nadya,Mervyn,nmervyn1p@gov.uk,Female,0,1
63,Jany,Aaron,jaaron1q@privacy.gov.au,Female,1,0
64,Joscelin,Robker,jrobker1r@phpbb.com,Female,0,0
65,Robers,Burtwell,rburtwell1s@arstechnica.com,Male,0,0
66,Zelma,Galego,zgalego1t@mapquest.com,Female,1,1
67,Clerissa,Balch,cbalch1u@ucoz.ru,Female,0,1
68,Nolly,Tivolier,ntivolier1v@marketwatch.com,Bigender,1,1
69,Orv,Topper,otopper1w@moonfruit.com,Male,1,1
70,Marleen,McGenis,mmcgenis1x@seesaa.net,Female,1,1
71,Annnora,Hearnes,ahearnes1y@cdc.gov,Female,0,1
72,Allx,Axtens,aaxtens1z@mozilla.org,Female,1,1
73,Leah,Williamson,lwilliamson20@time.com,Female,1,1
74,Alessandra,Punshon,apunshon21@dagondesign.com,Female,0,0
75,Pearla,Craufurd,pcraufurd22@e-recht24.de,Female,1,0
76,Crystie,Crossby,ccrossby23@github.io,Female,0,0
77,Pail,McGowan,pmcgowan24@cmu.edu,Male,1,0
78,Monah,Hamberstone,mhamberstone25@phoca.cz,Female,1,0
79,Aeriell,Perrington,aperrington26@quantcast.com,Female,0,0
80,Erie,Tinmouth,etinmouth27@themeforest.net,Male,1,1
81,Liana,Ducastel,lducastel28@who.int,Female,0,0
82,Guido,Tendahl,gtendahl29@ow.ly,Male,1,0
83,Lindi,Mangeney,lmangeney2a@economist.com,Female,0,0
84,Bing,Leimster,bleimster2b@statcounter.com,Male,0,1
85,Leonid,Osanne,losanne2c@themeforest.net,Male,0,1
86,Nye,Kristufek,nkristufek2d@berkeley.edu,Male,0,0
87,Juieta,Finney,jfinney2e@nbcnews.com,Female,0,0
88,Rickie,Hardwick,rhardwick2f@yahoo.com,Female,0,1
89,Uri,Yuryatin,uyuryatin2g@census.gov,Male,0,0
90,Winnie,Ions,wions2h@skype.com,Female,0,0
91,Abdel,Kemston,akemston2i@multiply.com,Male,1,0
92,Erich,Bradlaugh,ebradlaugh2j@tinyurl.com,Male,1,0
93,Ozzie,Hugland,ohugland2k@umich.edu,Male,1,1
94,Missy,Paulsen,mpaulsen2l@auda.org.au,Agender,0,1
95,Nerte,Caw,ncaw2m@meetup.com,Agender,1,0
96,Katie,Laise,klaise2n@ft.com,Female,1,0
97,Whitaker,Spriggin,wspriggin2o@chronoengine.com,Male,0,1
98,Dorthea,McRae,dmcrae2p@nsw.gov.au,Agender,0,1
99,Norris,Blamire,nblamire2q@ed.gov,Male,0,1
100,Vivyanne,Bishopp,vbishopp2r@yellowpages.com,Female,0,0
101,Sullivan,Nancekivell,snancekivell2s@furl.net,Male,0,1
102,Delia,Miskin,dmiskin2t@wunderground.com,Female,0,0
103,Elfie,Le Merchant,elemerchant2u@nasa.gov,Female,0,1
104,Waiter,Handslip,whandslip2v@cargocollective.com,Genderqueer,0,1
105,Orion,Miskimmon,omiskimmon2w@nih.gov,Male,1,0
106,Vania,Wolffers,vwolffers2x@yolasite.com,Female,1,1
107,Hollie,Mariault,hmariault2y@dagondesign.com,Female,1,1
108,Daloris,Ilchenko,dilchenko2z@sciencedaily.com,Female,1,0
109,Dalila,Duffus,dduffus30@wsj.com,Agender,1,0
110,Legra,Munden,lmunden31@washingtonpost.com,Female,0,0
111,Cammie,MacCardle,cmaccardle32@mysql.com,Female,1,1
112,Carlyle,Jeannel,cjeannel33@blinklist.com,Male,1,0
113,Barbaraanne,Playle,bplayle34@wikispaces.com,Female,0,1
114,Kara,Gawith,kgawith35@state.gov,Female,1,1
115,Sibelle,Jobbins,sjobbins36@qq.com,Female,0,0
116,Alane,A'field,aafield37@google.fr,Female,1,0
117,Royall,Chastand,rchastand38@cnn.com,Male,1,0
118,Tod,Elvy,telvy39@fotki.com,Male,0,1
119,Saxon,Dikes,sdikes3a@miibeian.gov.cn,Male,0,0
120,Phillip,Ferraron,pferraron3b@e-recht24.de,Male,0,0
121,Sarah,Feldstein,sfeldstein3c@goo.ne.jp,Female,0,0
122,Dov,Keary,dkeary3d@instagram.com,Male,0,1
123,Patten,Nevin,pnevin3e@dedecms.com,Male,0,1
124,Quintina,Pighills,qpighills3f@tmall.com,Female,0,0
125,Rutter,Beevens,rbeevens3g@about.com,Male,0,0
126,Aurel,Goodredge,agoodredge3h@dyndns.org,Female,1,1
127,Meredith,Tuckey,mtuckey3i@msu.edu,Male,0,0
128,Frederich,Kynforth,fkynforth3j@wikia.com,Male,0,0
129,Chandler,Paeckmeyer,cpaeckmeyer3k@jimdo.com,Male,0,0
130,Harrietta,Skunes,hskunes3l@biblegateway.com,Female,0,1
131,Angil,Akker,aakker3m@wordpress.org,Female,1,1
132,Daisi,Goodie,dgoodie3n@imgur.com,Female,0,1
133,Chanda,Beedham,cbeedham3o@wunderground.com,Female,0,0
134,Isiahi,Wallentin,iwallentin3p@etsy.com,Non-binary,0,1
135,Humfrid,Pyrton,hpyrton3q@quantcast.com,Male,0,0
136,Bernadette,Edscer,bedscer3r@thetimes.co.uk,Female,1,0
137,Brooks,Bewfield,bbewfield3s@jugem.jp,Female,0,1
138,Alva,Carleton,acarleton3t@furl.net,Male,0,0
139,Molli,Sizey,msizey3u@house.gov,Female,1,1
140,Gusti,Aucutt,gaucutt3v@spotify.com,Female,0,0
141,Donal,Treanor,dtreanor3w@about.me,Male,0,1
142,Janelle,Wallbutton,jwallbutton3x@berkeley.edu,Female,0,0
143,Emlen,Idell,eidell3y@g.co,Male,0,0
144,Frederica,Astles,fastles3z@infoseek.co.jp,Female,1,0
145,Travis,Skyram,tskyram40@prlog.org,Male,1,1
146,Lira,Drew-Clifton,ldrewclifton41@cdbaby.com,Female,1,0
147,Levon,Gally,lgally42@businesswire.com,Genderqueer,0,1
148,Anson,Preator,apreator43@uiuc.edu,Male,0,1
149,Hali,Rawling,hrawling44@nature.com,Polygender,0,1
150,Eyde,Sigge,esigge45@un.org,Female,1,0
151,Tiffanie,Custed,tcusted46@wiley.com,Female,1,0
152,Russell,Roakes,rroakes47@rediff.com,Male,0,1
153,Wolf,Dewick,wdewick48@hubpages.com,Male,1,1
154,Marilyn,Littell,mlittell49@shutterfly.com,Female,0,1
155,Bili,Bruckshaw,bbruckshaw4a@exblog.jp,Female,0,1
156,Flor,Pagelsen,fpagelsen4b@cisco.com,Female,1,1
157,Olenolin,Brugmann,obrugmann4c@bloomberg.com,Male,0,0
158,Skipton,Serrier,sserrier4d@bbb.org,Male,0,0
159,Nessie,Boise,nboise4e@blinklist.com,Female,1,0
160,Ernestus,Andric,eandric4f@delicious.com,Male,0,0
161,Alyss,Domino,adomino4g@examiner.com,Female,0,0
162,Carlina,Sessuns,csessuns4h@newsvine.com,Female,0,0
163,Diego,Cocklie,dcocklie4i@prnewswire.com,Male,0,0
164,Monica,Goodbur,mgoodbur4j@wix.com,Female,0,1
165,Marshal,Eustes,meustes4k@soup.io,Genderfluid,1,1
166,Dunc,Yeardsley,dyeardsley4l@scribd.com,Male,1,0
167,Arabelle,Starkey,astarkey4m@dagondesign.com,Female,0,1
168,Maureen,Howles,mhowles4n@reuters.com,Female,1,0
169,Euell,Fursse,efursse4o@prlog.org,Male,0,1
170,Harlie,Chasmoor,hchasmoor4p@craigslist.org,Female,1,0
171,Vic,Foch,vfoch4q@ifeng.com,Male,1,0
172,Derick,Beed,dbeed4r@nationalgeographic.com,Male,1,1
173,Shelby,Aylesbury,saylesbury4s@ehow.com,Male,0,1
174,Leah,Ciottoi,lciottoi4t@so-net.ne.jp,Female,0,1
175,Mignon,Lattimore,mlattimore4u@nationalgeographic.com,Female,1,0
176,Collete,Jarrett,cjarrett4v@webeden.co.uk,Female,1,0
177,Dahlia,Lerner,dlerner4w@is.gd,Female,0,0
178,Whitney,Beevis,wbeevis4x@123-reg.co.uk,Male,0,0
179,Adrien,Halso,ahalso4y@spotify.com,Male,0,0
180,Carce,Abbes,cabbes4z@com.com,Male,1,0
181,Marissa,Cossey,mcossey50@yahoo.com,Female,1,0
182,Durant,Jeness,djeness51@bing.com,Male,0,0
183,Clea,Bailiss,cbailiss52@nifty.com,Female,0,0
184,Wyatan,Braunroth,wbraunroth53@adobe.com,Male,1,0
185,Natalya,Blackwood,nblackwood54@multiply.com,Female,0,0
186,Lissie,Glencorse,lglencorse55@google.ca,Non-binary,0,1
187,Torrin,Skellern,tskellern56@unc.edu,Genderqueer,0,0
188,Papageno,Furmedge,pfurmedge57@loc.gov,Non-binary,0,0
189,Damien,Beeck,dbeeck58@acquirethisname.com,Male,0,1
190,Yehudi,Krishtopaittis,ykrishtopaittis59@amazon.com,Male,0,1
191,Hilario,Casarino,hcasarino5a@globo.com,Male,1,1
192,Tarah,de Banke,tdebanke5b@oakley.com,Agender,0,1
193,Jake,Eardley,jeardley5c@quantcast.com,Genderfluid,1,0
194,Nedi,Steels,nsteels5d@t.co,Female,0,0
195,Artemis,Presland,apresland5e@1688.com,Male,0,1
196,Carri,Busher,cbusher5f@opera.com,Female,0,1
197,Melisent,Loutheane,mloutheane5g@unblog.fr,Female,0,0
198,Hendrick,Sherel,hsherel5h@liveinternet.ru,Male,1,1
199,Kean,Kepling,kkepling5i@tmall.com,Genderqueer,1,1
200,Powell,Soltan,psoltan5j@theatlantic.com,Non-binary,1,0
